subj	month	act	prefix	path
TD05	M4	A2	TD05-M4_A2	Data/TD05/TD05_M4
TD05	M4	A3	TD05-M4_A3	Data/TD05/TD05_M4
TD05	M5	A2	TD05-M5_A2	Data/TD05/TD05_M5
TD05	M5	A3	TD05-M5_A3	Data/TD05/TD05_M5
TD05	M5	A4	TD05-M5_A4	Data/TD05/TD05_M5
TD05	M5	A5	TD05-M5_A5	Data/TD05/TD05_M5
TD05	M5	A6	TD05-M5_A6	Data/TD05/TD05_M5
TD05	M5	A7	TD05-M5_A7	Data/TD05/TD05_M5
TD06	M3	A2	TD06-M3_A2	Data/TD06/TD06_M3
TD06	M3	A3	TD06-M3_A3	Data/TD06/TD06_M3
TD06	M3	A4	TD06-M3_A4	Data/TD06/TD06_M3
TD06	M3	A5	TD06-M3_A5	Data/TD06/TD06_M3
TD07	M3	A2	TD07-M3_A2	Data/TD07/TD07_M3
TD07	M3	A3	TD07-M3_A3	Data/TD07/TD07_M3
TD07	M3	A4	TD07-M3_A4	Data/TD07/TD07_M3
TD07	M3	A5	TD07-M3_A5	Data/TD07/TD07_M3
TD07	M3	A6	TD07-M3_A6	Data/TD07/TD07_M3
TD07	M3	A7	TD07-M3_A7	Data/TD07/TD07_M3
TD08	M3	A2	TD08-M3_A2	Data/TD08/TD08_M3
TD08	M3	A3	TD08-M3_A3	Data/TD08/TD08_M3
TD08	M3	A4	TD08-M3_A4	Data/TD08/TD08_M3
TD08	M3	A5	TD08-M3_A5	Data/TD08/TD08_M3
TD08	M3	A6	TD08-M3_A6	Data/TD08/TD08_M3
TD08	M4	A2	TD08-M4_A2	Data/TD08/TD08_M4
TD08	M4	A3	TD08-M4_A3	Data/TD08/TD08_M4
TD08	M4	A4	TD08-M4_A4	Data/TD08/TD08_M4
TD08	M4	A5	TD08-M4_A5	Data/TD08/TD08_M4
TD08	M4	A6	TD08-M4_A6	Data/TD08/TD08_M4
TD08	M4	A7	TD08-M4_A7	Data/TD08/TD08_M4
TD08	M5	A2	TD08-M5_A2	Data/TD08/TD08_M5
TD08	M5	A3	TD08-M5_A3	Data/TD08/TD08_M5
TD08	M5	A4	TD08-M5_A4	Data/TD08/TD08_M5
TD08	M5	A5	TD08-M5_A5	Data/TD08/TD08_M5
TD08	M5	A6	TD08-M5_A6	Data/TD08/TD08_M5
TD08	M5	A7	TD08-M5_A7	Data/TD08/TD08_M5
TD10	M3	A2	TD10-M3_A2	Data/TD10/TD10_M3
TD10	M3	A3	TD10-M3_A3	Data/TD10/TD10_M3
TD10	M3	A4	TD10-M3_A4	Data/TD10/TD10_M3
TD10	M3	A5	TD10-M3_A5	Data/TD10/TD10_M3
TD10	M3	A6	TD10-M3_A6	Data/TD10/TD10_M3
TD10	M3	A7	TD10-M3_A7	Data/TD10/TD10_M3
TD10	M4	A2	TD10-M4_A2	Data/TD10/TD10_M4
TD10	M4	A3	TD10-M4_A3	Data/TD10/TD10_M4
TD10	M4	A4	TD10-M4_A4	Data/TD10/TD10_M4
TD10	M4	A5	TD10-M4_A5	Data/TD10/TD10_M4
TD10	M4	A6	TD10-M4_A6	Data/TD10/TD10_M4
TD10	M4	A7	TD10-M4_A7	Data/TD10/TD10_M4
TD13	M3	A2	TD13-M3_A2	Data/TD13/TD13_M3
TD13	M3	A3	TD13-M3_A3	Data/TD13/TD13_M3
TD13	M3	A4	TD13-M3_A4	Data/TD13/TD13_M3
TD13	M3	A5	TD13-M3_A5	Data/TD13/TD13_M3
TD13	M3	A6	TD13-M3_A6	Data/TD13/TD13_M3
TD13	M3	A7	TD13-M3_A7	Data/TD13/TD13_M3
TD13	M4	A2	TD13-M4_A2	Data/TD13/TD13_M4
TD13	M4	A3	TD13-M4_A3	Data/TD13/TD13_M4
TD13	M4	A4	TD13-M4_A4	Data/TD13/TD13_M4
TD13	M4	A5	TD13-M4_A5	Data/TD13/TD13_M4
TD13	M4	A6	TD13-M4_A6	Data/TD13/TD13_M4
TD13	M5	A2	TD13-M5_A2	Data/TD13/TD13_M5
TD13	M5	A3	TD13-M5_A3	Data/TD13/TD13_M5
TD13	M5	A4	TD13-M5_A4	Data/TD13/TD13_M5
TD13	M5	A5	TD13-M5_A5	Data/TD13/TD13_M5
TD13	M5	A6	TD13-M5_A6	Data/TD13/TD13_M5
TD13	M5	A7	TD13-M5_A7	Data/TD13/TD13_M5
TD14	M3	A2	TD14-M3_A2	Data/TD14/TD14_M3
TD14	M3	A3	TD14-M3_A3	Data/TD14/TD14_M3
TD14	M3	A4	TD14-M3_A4	Data/TD14/TD14_M3
TD14	M3	A5	TD14-M3_A5	Data/TD14/TD14_M3
TD14	M3	A6	TD14-M3_A6	Data/TD14/TD14_M3
TD14	M3	A7	TD14-M3_A7	Data/TD14/TD14_M3
TD14	M4	A3	TD14-M4_A3	Data/TD14/TD14_M4
TD14	M4	A4	TD14-M4_A4	Data/TD14/TD14_M4
TD14	M4	A5	TD14-M4_A5	Data/TD14/TD14_M4
TD14	M4	A6	TD14-M4_A6	Data/TD14/TD14_M4
TD14	M4	A7	TD14-M4_A7	Data/TD14/TD14_M4
TD14	M5	A2	TD14-M5_A2	Data/TD14/TD14_M5
TD14	M5	A3	TD14-M5_A3	Data/TD14/TD14_M5
TD14	M5	A4	TD14-M5_A4	Data/TD14/TD14_M5
TD14	M5	A5	TD14-M5_A5	Data/TD14/TD14_M5
TD14	M5	A6	TD14-M5_A6	Data/TD14/TD14_M5
TD14	M5	A7	TD14-M5_A7	Data/TD14/TD14_M5
TD17	M3	A2	TD17-M3_A2	Data/TD17/TD17_M3
TD17	M3	A3	TD17-M3_A3	Data/TD17/TD17_M3
TD17	M3	A4	TD17-M3_A4	Data/TD17/TD17_M3
TD17	M3	A5	TD17-M3_A5	Data/TD17/TD17_M3
TD17	M3	A6	TD17-M3_A6	Data/TD17/TD17_M3
TD17	M3	A7	TD17-M3_A7	Data/TD17/TD17_M3
TD17	M4	A2	TD17-M4_A2	Data/TD17/TD17_M4
TD17	M4	A3	TD17-M4_A3	Data/TD17/TD17_M4
TD17	M4	A4	TD17-M4_A4	Data/TD17/TD17_M4
TD17	M4	A5	TD17-M4_A5	Data/TD17/TD17_M4
TD17	M4	A6	TD17-M4_A6	Data/TD17/TD17_M4
TD17	M4	A7	TD17-M4_A7	Data/TD17/TD17_M4
TD17	M5	A2	TD17-M5_A2	Data/TD17/TD17_M5
TD17	M5	A3	TD17-M5_A3	Data/TD17/TD17_M5
TD17	M5	A4	TD17-M5_A4	Data/TD17/TD17_M5
TD17	M5	A5	TD17-M5_A5	Data/TD17/TD17_M5
TD17	M5	A6	TD17-M5_A6	Data/TD17/TD17_M5
TD17	M5	A7	TD17-M5_A7	Data/TD17/TD17_M5
TD19	M3	A2	TD19-M3_A2	Data/TD19/TD19_M3
TD19	M3	A3	TD19-M3_A3	Data/TD19/TD19_M3
TD19	M3	A4	TD19-M3_A4	Data/TD19/TD19_M3
TD19	M3	A5	TD19-M3_A5	Data/TD19/TD19_M3
TD19	M3	A6	TD19-M3_A6	Data/TD19/TD19_M3
TD19	M3	A7	TD19-M3_A7	Data/TD19/TD19_M3
TD22	M5	A2	TD22-M5_A2	Data/TD22/TD22_M5
TD22	M5	A3	TD22-M5_A3	Data/TD22/TD22_M5
TD22	M5	A4	TD22-M5_A4	Data/TD22/TD22_M5
TD22	M5	A5	TD22-M5_A5	Data/TD22/TD22_M5
TD22	M5	A6	TD22-M5_A6	Data/TD22/TD22_M5
TD22	M5	A7	TD22-M5_A7	Data/TD22/TD22_M5
TD24	M3	A2	TD24-M3_A2	Data/TD24/TD24_M3
TD24	M3	A3	TD24-M3_A3	Data/TD24/TD24_M3
TD24	M3	A4	TD24-M3_A4	Data/TD24/TD24_M3
TD24	M3	A5	TD24-M3_A5	Data/TD24/TD24_M3
TD24	M4	A2	TD24-M4_A2	Data/TD24/TD24_M4
TD24	M4	A3	TD24-M4_A3	Data/TD24/TD24_M4
TD24	M4	A4	TD24-M4_A4	Data/TD24/TD24_M4
TD24	M4	A5	TD24-M4_A5	Data/TD24/TD24_M4
TD24	M4	A6	TD24-M4_A6	Data/TD24/TD24_M4
TD24	M5	A2	TD24-M5_A2	Data/TD24/TD24_M5
TD24	M5	A3	TD24-M5_A3	Data/TD24/TD24_M5
TD24	M5	A4	TD24-M5_A4	Data/TD24/TD24_M5
TD24	M5	A5	TD24-M5_A5	Data/TD24/TD24_M5
TD27	M3	A2	TD27-M3_A2	Data/TD27/TD27_M3
TD27	M3	A3	TD27-M3_A3	Data/TD27/TD27_M3
TD27	M3	A4	TD27-M3_A4	Data/TD27/TD27_M3
TD27	M3	A5	TD27-M3_A5	Data/TD27/TD27_M3
TD27	M3	A6	TD27-M3_A6	Data/TD27/TD27_M3
TD27	M3	A7	TD27-M3_A7	Data/TD27/TD27_M3
TD27	M4	A2	TD27-M4_A2	Data/TD27/TD27_M4
TD27	M4	A3	TD27-M4_A3	Data/TD27/TD27_M4
TD27	M4	A4	TD27-M4_A4	Data/TD27/TD27_M4
TD27	M4	A6	TD27-M4_A6	Data/TD27/TD27_M4
TD30	M3	A2	TD30-M3_A2	Data/TD30/TD30_M3
TD30	M3	A3	TD30-M3_A3	Data/TD30/TD30_M3
TD30	M3	A4	TD30-M3_A4	Data/TD30/TD30_M3
TD30	M3	A5	TD30-M3_A5	Data/TD30/TD30_M3
TD30	M3	A6	TD30-M3_A6	Data/TD30/TD30_M3
TD30	M3	A7	TD30-M3_A7	Data/TD30/TD30_M3
TD30	M4	A2	TD30-M4_A2	Data/TD30/TD30_M4
TD30	M4	A3	TD30-M4_A3	Data/TD30/TD30_M4
TD30	M4	A4	TD30-M4_A4	Data/TD30/TD30_M4
TD30	M4	A5	TD30-M4_A5	Data/TD30/TD30_M4
TD30	M4	A6	TD30-M4_A6	Data/TD30/TD30_M4
TD30	M4	A7	TD30-M4_A7	Data/TD30/TD30_M4
TD30	M5	A2	TD30-M5_A2	Data/TD30/TD30_M5
TD30	M5	A3	TD30-M5_A3	Data/TD30/TD30_M5
TD30	M5	A4	TD30-M5_A4	Data/TD30/TD30_M5
TD30	M5	A5	TD30-M5_A5	Data/TD30/TD30_M5
TD30	M5	A6	TD30-M5_A6	Data/TD30/TD30_M5
TD30	M5	A7	TD30-M5_A7	Data/TD30/TD30_M5
TD31	M3	A2	TD31-M3_A2	Data/TD31/TD31_M3
TD31	M3	A3	TD31-M3_A3	Data/TD31/TD31_M3
TD31	M3	A4	TD31-M3_A4	Data/TD31/TD31_M3
TD31	M3	A5	TD31-M3_A5	Data/TD31/TD31_M3
TD31	M3	A6	TD31-M3_A6	Data/TD31/TD31_M3
TD31	M3	A7	TD31-M3_A7	Data/TD31/TD31_M3
TD31	M4	A2	TD31-M4_A2	Data/TD31/TD31_M4
TD31	M4	A3	TD31-M4_A3	Data/TD31/TD31_M4
TD31	M4	A4	TD31-M4_A4	Data/TD31/TD31_M4
TD31	M4	A5	TD31-M4_A5	Data/TD31/TD31_M4
TD31	M4	A6	TD31-M4_A6	Data/TD31/TD31_M4
TD31	M4	A7	TD31-M4_A7	Data/TD31/TD31_M4
TD36	M5	A2	TD36-M5_A2	Data/TD36/TD36_M5
TD36	M5	A3	TD36-M5_A3	Data/TD36/TD36_M5
TD36	M5	A4	TD36-M5_A4	Data/TD36/TD36_M5
TD36	M5	A5	TD36-M5_A5	Data/TD36/TD36_M5
TD36	M5	A6	TD36-M5_A6	Data/TD36/TD36_M5
TD36	M5	A7	TD36-M5_A7	Data/TD36/TD36_M5
TD37	M5	A2	TD37-M5_A2	Data/TD37/TD37_M5
TD37	M5	A3	TD37-M5_A3	Data/TD37/TD37_M5
TD37	M5	A4	TD37-M5_A4	Data/TD37/TD37_M5
TD37	M5	A5	TD37-M5_A5	Data/TD37/TD37_M5
TD37	M5	A6	TD37-M5_A6	Data/TD37/TD37_M5
TD37	M5	A7	TD37-M5_A7	Data/TD37/TD37_M5
TD38	M3	A2	TD38-M3_A2	Data/TD38/TD38_M3
TD38	M3	A3	TD38-M3_A3	Data/TD38/TD38_M3
TD38	M3	A4	TD38-M3_A4	Data/TD38/TD38_M3
TD38	M3	A5	TD38-M3_A5	Data/TD38/TD38_M3
TD38	M3	A6	TD38-M3_A6	Data/TD38/TD38_M3
TD38	M3	A7	TD38-M3_A7	Data/TD38/TD38_M3
TD38	M4	A2	TD38-M4_A2	Data/TD38/TD38_M4
TD38	M4	A3	TD38-M4_A3	Data/TD38/TD38_M4
TD38	M4	A4	TD38-M4_A4	Data/TD38/TD38_M4
TD38	M4	A5	TD38-M4_A5	Data/TD38/TD38_M4
TD38	M4	A6	TD38-M4_A6	Data/TD38/TD38_M4
TD38	M4	A7	TD38-M4_A7	Data/TD38/TD38_M4
TD38	M5	A2	TD38-M5_A2	Data/TD38/TD38_M5
TD38	M5	A3	TD38-M5_A3	Data/TD38/TD38_M5
TD38	M5	A4	TD38-M5_A4	Data/TD38/TD38_M5
TD38	M5	A5	TD38-M5_A5	Data/TD38/TD38_M5
TD38	M5	A6	TD38-M5_A6	Data/TD38/TD38_M5
TD38	M5	A7	TD38-M5_A7	Data/TD38/TD38_M5
TD39	M5	A3	TD39-M5_A3	Data/TD39/TD39_M5
TD39	M5	A4	TD39-M5_A4	Data/TD39/TD39_M5
TD39	M5	A5	TD39-M5_A5	Data/TD39/TD39_M5
TD39	M5	A6	TD39-M5_A6	Data/TD39/TD39_M5
TD39	M5	A7	TD39-M5_A7	Data/TD39/TD39_M5
TD40	M3	A2	TD40-M3_A2	Data/TD40/TD40_M3
TD40	M3	A3	TD40-M3_A3	Data/TD40/TD40_M3
TD40	M3	A4	TD40-M3_A4	Data/TD40/TD40_M3
TD40	M3	A5	TD40-M3_A5	Data/TD40/TD40_M3
TD40	M3	A6	TD40-M3_A6	Data/TD40/TD40_M3
TD40	M3	A7	TD40-M3_A7	Data/TD40/TD40_M3
TD41	M5	A2	TD41-M5_A2	Data/TD41/TD41_M5
TD41	M5	A3	TD41-M5_A3	Data/TD41/TD41_M5
TD41	M5	A4	TD41-M5_A4	Data/TD41/TD41_M5
TD41	M5	A5	TD41-M5_A5	Data/TD41/TD41_M5
TD41	M5	A6	TD41-M5_A6	Data/TD41/TD41_M5
TD41	M5	A7	TD41-M5_A7	Data/TD41/TD41_M5
TD43	M3	A2	TD43-M3_A2	Data/TD43/TD43_M3
TD43	M3	A3	TD43-M3_A3	Data/TD43/TD43_M3
TD43	M3	A4	TD43-M3_A4	Data/TD43/TD43_M3
TD43	M3	A5	TD43-M3_A5	Data/TD43/TD43_M3
TD43	M3	A6	TD43-M3_A6	Data/TD43/TD43_M3
TD43	M3	A7	TD43-M3_A7	Data/TD43/TD43_M3
TD46	M5	A2	TD46-M5_A2	Data/TD46/TD46_M5
TD46	M5	A3	TD46-M5_A3	Data/TD46/TD46_M5
TD46	M5	A4	TD46-M5_A4	Data/TD46/TD46_M5
TD46	M5	A5	TD46-M5_A5	Data/TD46/TD46_M5
TD46	M5	A6	TD46-M5_A6	Data/TD46/TD46_M5
TD46	M5	A7	TD46-M5_A7	Data/TD46/TD46_M5
TD48	M5	A2	TD48-M5_A2	Data/TD48/TD48_M5
TD48	M5	A3	TD48-M5_A3	Data/TD48/TD48_M5
TD48	M5	A4	TD48-M5_A4	Data/TD48/TD48_M5
TD48	M5	A5	TD48-M5_A5	Data/TD48/TD48_M5
TD48	M5	A6	TD48-M5_A6	Data/TD48/TD48_M5
TD48	M5	A7	TD48-M5_A7	Data/TD48/TD48_M5
TD49	M5	A2	TD49-M5_A2	Data/TD49/TD49_M5
TD51	M3	A2	TD51-M3_A2	Data/TD51/TD51_M3
TD51	M3	A3	TD51-M3_A3	Data/TD51/TD51_M3
TD51	M3	A4	TD51-M3_A4	Data/TD51/TD51_M3
TD51	M3	A5	TD51-M3_A5	Data/TD51/TD51_M3
TD51	M3	A6	TD51-M3_A6	Data/TD51/TD51_M3
TD51	M3	A7	TD51-M3_A7	Data/TD51/TD51_M3
TD51	M4	A2	TD51-M4_A2	Data/TD51/TD51_M4
TD51	M4	A3	TD51-M4_A3	Data/TD51/TD51_M4
TD51	M4	A4	TD51-M4_A4	Data/TD51/TD51_M4
TD51	M4	A5	TD51-M4_A5	Data/TD51/TD51_M4
TD51	M4	A6	TD51-M4_A6	Data/TD51/TD51_M4
TD51	M4	A7	TD51-M4_A7	Data/TD51/TD51_M4
TD51	M5	A2	TD51-M5_A2	Data/TD51/TD51_M5
TD51	M5	A3	TD51-M5_A3	Data/TD51/TD51_M5
TD51	M5	A4	TD51-M5_A4	Data/TD51/TD51_M5
TD51	M5	A5	TD51-M5_A5	Data/TD51/TD51_M5
TD51	M5	A6	TD51-M5_A6	Data/TD51/TD51_M5
TD51	M5	A7	TD51-M5_A7	Data/TD51/TD51_M5
TD52	M4	A2	TD52-M4_A2	Data/TD52/TD52_M4
TD52	M4	A3	TD52-M4_A3	Data/TD52/TD52_M4
TD52	M4	A4	TD52-M4_A4	Data/TD52/TD52_M4
TD52	M4	A5	TD52-M4_A5	Data/TD52/TD52_M4
TD52	M4	A6	TD52-M4_A6	Data/TD52/TD52_M4
TD52	M4	A7	TD52-M4_A7	Data/TD52/TD52_M4
TD52	M5	A2	TD52-M5_A2	Data/TD52/TD52_M5
TD52	M5	A3	TD52-M5_A3	Data/TD52/TD52_M5
TD52	M5	A4	TD52-M5_A4	Data/TD52/TD52_M5
TD52	M5	A5	TD52-M5_A5	Data/TD52/TD52_M5
TD52	M5	A6	TD52-M5_A6	Data/TD52/TD52_M5
TD52	M5	A7	TD52-M5_A7	Data/TD52/TD52_M5
TD54	M3	A2	TD54-M3_A2	Data/TD54/TD54_M3
TD54	M3	A3	TD54-M3_A3	Data/TD54/TD54_M3
TD54	M3	A4	TD54-M3_A4	Data/TD54/TD54_M3
TD54	M3	A5	TD54-M3_A5	Data/TD54/TD54_M3
TD54	M3	A6	TD54-M3_A6	Data/TD54/TD54_M3
TD54	M3	A7	TD54-M3_A7	Data/TD54/TD54_M3
TD55	M3	A2	TD55-M3_A2	Data/TD55/TD55_M3
TD55	M3	A3	TD55-M3_A3	Data/TD55/TD55_M3
TD55	M3	A4	TD55-M3_A4	Data/TD55/TD55_M3
TD55	M3	A5	TD55-M3_A5	Data/TD55/TD55_M3
TD59	M5	A2	TD59-M5_A2	Data/TD59/TD59_M5
TD59	M5	A3	TD59-M5_A3	Data/TD59/TD59_M5
TD59	M5	A4	TD59-M5_A4	Data/TD59/TD59_M5
TD59	M5	A5	TD59-M5_A5	Data/TD59/TD59_M5
TD59	M5	A6	TD59-M5_A6	Data/TD59/TD59_M5
TD59	M5	A7	TD59-M5_A7	Data/TD59/TD59_M5
TD61	M5	A2	TD61-M5_A2	Data/TD61/TD61_M5
TD61	M5	A3	TD61-M5_A3	Data/TD61/TD61_M5
TD61	M5	A4	TD61-M5_A4	Data/TD61/TD61_M5
TD61	M5	A5	TD61-M5_A5	Data/TD61/TD61_M5
TD64	M4	A2	TD64-M4_A2	Data/TD64/TD64_M4
TD64	M4	A3	TD64-M4_A3	Data/TD64/TD64_M4
TD64	M5	A2	TD64-M5_A2	Data/TD64/TD64_M5
TD64	M5	A3	TD64-M5_A3	Data/TD64/TD64_M5
TD64	M5	A4	TD64-M5_A4	Data/TD64/TD64_M5
TD64	M5	A5	TD64-M5_A5	Data/TD64/TD64_M5
TD64	M5	A6	TD64-M5_A6	Data/TD64/TD64_M5
TD64	M5	A7	TD64-M5_A7	Data/TD64/TD64_M5
TD65	M3	A2	TD65-M3_A2	Data/TD65/TD65_M3
TD65	M3	A3	TD65-M3_A3	Data/TD65/TD65_M3
TD65	M3	A4	TD65-M3_A4	Data/TD65/TD65_M3
TD65	M3	A5	TD65-M3_A5	Data/TD65/TD65_M3
TD65	M3	A6	TD65-M3_A6	Data/TD65/TD65_M3
TD65	M3	A7	TD65-M3_A7	Data/TD65/TD65_M3
TD65	M4	A2	TD65-M4_A2	Data/TD65/TD65_M4
TD65	M4	A3	TD65-M4_A3	Data/TD65/TD65_M4
TD65	M4	A4	TD65-M4_A4	Data/TD65/TD65_M4
TD65	M4	A5	TD65-M4_A5	Data/TD65/TD65_M4
TD65	M4	A6	TD65-M4_A6	Data/TD65/TD65_M4
TD65	M4	A7	TD65-M4_A7	Data/TD65/TD65_M4
TD65	M5	A2	TD65-M5_A2	Data/TD65/TD65_M5
TD65	M5	A3	TD65-M5_A3	Data/TD65/TD65_M5
TD65	M5	A4	TD65-M5_A4	Data/TD65/TD65_M5
TD65	M5	A5	TD65-M5_A5	Data/TD65/TD65_M5
TD65	M5	A6	TD65-M5_A6	Data/TD65/TD65_M5
TD65	M5	A7	TD65-M5_A7	Data/TD65/TD65_M5
TD73	M5	A2	TD73-M5_A2	Data/TD73/TD73_M5
TD73	M5	A3	TD73-M5_A3	Data/TD73/TD73_M5
TD73	M5	A5	TD73-M5_A5	Data/TD73/TD73_M5
TD73	M5	A6	TD73-M5_A6	Data/TD73/TD73_M5
